,0
Stuyvesant High School,"Address 345 Chambers St New York, NY 10282"
Bergen County Academies,"Address
200 Hackensack Avenue
Hackensack, NJ 07601"
High Technology High School,"Address
765 Newman Springs Road
Lincroft, NJ 07738"
Union County Magnet High School,"Address
1776 Raritan Road
Scotch Plains, NJ 07076"
Staten Island Technical High School,"Address
485 Clawson St
Staten Island, NY 10306"
Townsend Harris High School,"Address
149-11 Melbourne Ave
Queens, NY 11367"
Bronx High School of Science,"Address
75 W 205th St
Bronx, NY 10468"
Biotechnology High School,"Address
5000 Kozloski Road
Freehold, NJ 07728"
Jericho Senior High School,"Address
99 Cedar Swamp Rd
Jericho, NY 11753"
Great Neck South High School,"Address
341 Lakeville Rd
Lake Success, NY 11020"
Bergen County Technical High School - Teterboro,"Address
504 Us-46
Teterboro, NJ 07608"
"The Academy for Mathematics, Science & Engineering","Address
520 West Main Street
Rockaway, NJ 07866"
Academy for Allied Health Science,"Address
1776 Raritan Road
Scotch Plains, NJ 07076"
Academy for Information Technology,"Address
1776 Raritan Road
Scotch Plains, NJ 07076"
High School Math Science & Engineering at The City College of New York (CCNY),"Address
240 Convent Ave
New York, NY 10031"
Dr. Ronald E. McNair Academic High School,"Address
123 Coles Street
Jersey City, NJ 07302"
Millburn Senior High School,"Address
462 Millburn Ave
Millburn, NJ 07041"
Scarsdale Senior High School,"Address
1057 Post Rd
Scarsdale, NY 10583"
Syosset Senior High School,"Address
70 S Woods Rd
Syosset, NY 11791"
Manhasset Secondary School,"Address
200 Memorial Pl
Manhasset, NY 11030"
Herricks High School,"Address
100 Shelter Rock Rd
Herricks, NY 11040"
Staples High School,"Address
70 North Ave
Coleytown, Westport, Fairfield, CT 06880"
Baccalaureate School for Global Education,"Address
34-12 36th Ave
Long Island City, NY 11106"
Great Neck North High School,"Address
35 Polo Rd
Great Neck, NY 11023"
Union County Vocational-Technical High School,"Address
1776 Raritan Rd
Scotch Plains, NJ 07076"
High School of American Studies at Lehman College,"Address
2925 Goulden Ave
Bronx, NY 10468"
Bard High School Early College Queens,"Address
30-20 Thomson Ave
Long Island City, NY 11101"
Roslyn High School,"Address
475 Round Hill Rd
Roslyn Heights, NY 11577"
Tenafly High School,"Address
19 Columbus Drive
Tenafly, NJ 07670"
Academy of Allied Health & Science,"Address
2325 Heck Avenue
Neptune, NJ 07753"
Brooklyn Technical High School,"Address
29 Ft Greene Pl
Brooklyn, NY 11217"
Horace Greeley High School,"Address
70 Roaring Brook Rd
Tompkins Corners, NY 10514"
Paul D. Schreiber Senior High School,"Address
101 Campus Dr
Port Washington, NY 11050"
Livingston Senior High School,"Address
Bulldog Boulevard, Livonia Center, Livonia Town
Livingston, NY 14487"
Northern Highlands Regional High School,"Address
298 Hillside Ave
Allendale, NJ 07401"
"Middlesex County Academy for Science, Mathematics, & Engineering Technologies","Address
100 Technology Drive
Edison, NJ 08837"
Marine Academy of Science & Technology,"Address
Marine Academy of Science and Technology High School"
Bronxville High School,"Address
177 Pondfield Rd
Bronxville, NY 10708"
Eleanor Roosevelt High School,"Address
411 E 76th St
New York, NY 10021"
New Canaan High School,"Address
11 Farm Rd
New Canaan, CT 06840"
Rye High School,"Address
Parsons St
Rye, NY 10580"
Mamaroneck High School,"Address
1000 W Boston Post Rd
Mamaroneck, NY 10543"
Communications High School,"Address
1740 New Bedford Road
Wall, NJ 07719"
Bard High School Early College,"Address
525 E Houston St
New York, NY 10002"
Ridge High School,"Address
Ridge High School"
Byram Hills High School,"Address
Byram Hills High School"
Pelham Memorial High School,"Address
575 Colonial Ave
Pelham, NY 10803"
Wheatley School,"Address
11 Bacon Rd
Old Westbury, NY 11568"
Darien High School,"Address
80 High School Ln.
Darien, CT 06820"
Half Hollow Hills High School West,"Address
375 Wolf Hill Rd
Dix Hills, NY 11746"
"New Explorations into Science,Technology & Math School","Address
111 Columbia St
New York, NY 10002"
Weston High School,"Address
115 School Rd
Weston, CT 06883"
Summit Senior High School,"Address
125 Kent Place Blvd
Summit, NJ 07901"
Edgemont Junior/Senior High School,"Address
200 White Birch Lane
Scarsdale, NY 10583"
J.P. Stevens High School,"Address
855 Grove Avenue
Edison, NJ 08820"
John Jay High School,"Address
John Jay High School"
Plainview-Old Bethpage John F. Kennedy High School,"Address
50 Kennedy Dr
Plainview, NY 11803"
Half Hollow Hills High School East,"Address
50 Vanderbilt Pky
Dix Hills, NY 11746"
South Brunswick High School,"Address
750 Ridge Road
Monmouth Junction, NJ 08852"
Queens High School for the Sciences at York College,"Address
94-50 159th St
Jamaica, NY 11451"
Mountain Lakes High School,"Address
96 Powerville Rd
Mountain Lakes, NJ 07046"
Ridgewood High School,"Address
627 East Ridgewood Ave
Ridgewood, NJ 07451"
Greenwich High School,"Address
10 Hillside Rd
Greenwich, CT 06830"
Briarcliff High School,"Address
444 Pleasantville Rd
Briarcliff Manor, NY 10510"
Harborfields High School,"Address
98 Taylor Ave
Greenlawn, NY 11740"
Ardsley High School,"Address
300 Farm Rd
Ardsley, NY 10502"
Northern Valley Regional High School Demarest,"Address
150 Knickerbocker Rd
Demarest, NJ 07627"
Westfield Senior High School,"Address
550 Dorian Rd
Westfield, NJ 07090"
High Tech High School,"Address
2000 85th Street
N Bergen, NJ 07047"
George W. Hewlett High School,"Address
60 Everit Ave
Hewlett, NY 11557"
Garden City High School,"Address
170 Rockaway Ave
Garden City, NY 11530"
Northern Valley Regional High School - Old Tappan,"Address
Central Ave
Old Tappan, NJ 07675"
The Beacon School,"Address
522 W 44th Street
New York, NY 10036"
Tappan Zee High School,"Address
15 Dutch Hill Rd
Orangeburg, NY 10962"
The Brooklyn Latin School,"Address
223 Graham Ave
Brooklyn, NY 11206"
Montclair High School,"Address
100 Chestnut St
Montclair, NJ 07042"
Wilton High School,"Address
395 Danbury Rd
Wilton, CT 06897"
Morris County School of Technology,"Address
400 East Main Street
Denville, NJ 07834"
Hastings High School,"Address
1 Mt Hope Blvd
Hastings On Hudson, NY 10706"
Fox Lane High School,"Address
S Bedford Rd
Bedford, NY 10506"
Harrison High School,"Address
255 Union Ave
Harrison, NY 10528"
West Morris Mendham High School,"Address
65 East Main Street
Mendham, NJ 07945"
Ward Melville Senior High School,"Address
380 Old Town Rd
East Setauket, NY 11733"
Rye Neck Senior High School,"Address
300 Hornidge Rd
Mamaroneck, NY 10543"
Academy for Performing Arts,"Address
1776 Raritan Road
Scotch Plains, NJ 07076"
Bernards High School,"Address
25 Olcott Avenue
Bernardsville, NJ 07924"
Fairfield Warde High School,"Address
755 Melville Ave
Fairfield, CT 06825"
Middlesex County Academy for Allied Health & Biomedical Sciences,"Address
1 Convery Boulevard
Woodbridge, NJ 07095"
Fiorello H. Laguardia High School Of Music & Art & Performing Arts,"Address
100 Amsterdam Ave
New York, NY 10023"
North Shore Senior High School,"Address
450 Glen Cove Ave
Glen Head, NY 11545"
Walt Whitman High School,"Address
301 W Hills Rd
Huntington Station, NY 11746"
Pleasantville High School,"Address
60 Romer Ave
Pleasantville, NY 10570"
Leon M. Goldstein High School for the Sciences,"Address
1830 Shore Blvd
Brooklyn, NY 11235"
Mahwah High School,"Address
50 Ridge Road
Mahwah, NJ 07430"
Eastchester Senior High School,"Address
2 Stewart Pl
Eastchester, NY 10709"
Hillsborough High School,"Address
466 Raider Boulevard
Hillsborough, NJ 08844"
Bridgewater-Raritan High School,"Address
600 Garretson Road
Bridgewater, NJ 08807"
Sanford H. Calhoun High School,"Address
1786 State St
Merrick, NY 11566"
Fairfield Ludlowe High School,"Address
785 Unquowa Rd
Fairfield, CT 06824"
Watchung Hills Regional High School,"Address
108 Stirling Rd
Warren, NJ 07059"
Holmdel High School,"Address
36 Crawfords Corner Road
Holmdel, NJ 07733"
Blind Brook High School,"Address
840 King St
Rye Brook, NY 10573"
Sleepy Hollow High School,"Address
210 N Broadway
Sleepy Hollow, NY 10591"
Columbia Secondary School,"Address
425 W 123rd St
New York, NY 10027"
NYC Lab High School for Collaborative Studies,"Address
333 W 17th St
New York, NY 10011"
Fair Lawn High School,"Address
14 00 Berdan Avenue
Fair Lawn, NJ 07410"
Yorktown High School,"Address
2727 Crompond Rd
Yorktown Heights, NY 10598"
Ramapo High School,"Address
331 George Street
Franklin Lakes, NJ 07417"
Cold Spring Harbor High School,"Address
82 Turkey Ln
Cold Spring Harbor, NY 11724"
White Plains Senior High School,"Address
550 North St
White Plains, NY 10605"
Science Park High School,"Address
260 Norfolk Street
Newark, NJ 07102"
Highland Park High School,"Address
102 N 5th Ave, Highland Park, NJ 08904"
Manhattan Hunter Science High School,"Address
122 Amsterdam Ave
New York, NY 10023"
Suffern Senior High School,"Address
Suffern High School"
East Brunswick High School,"Address
380 Cranbury Road
E Brunswick, NJ 08816"
Metuchen High School,"Address
400 Grove Ave
Metuchen, NJ 08840"
Smithtown High School - Western Campus,"Address
100 Central Rd
Smithtown, NY 11787"
Glen Ridge High School,"Address
200 Ridgewood Ave
Glen Ridge, NJ 07028"
Parsippany High School,"Address
309 Baldwin Rd
Parsippany, NJ 07054"
New Providence High School,"Address
35 Pioneer Dr
New Providence, NJ 07974"
Wellington C. Mepham High School,"Address
2401 Camp Ave
Bellmore, NY 11710"
Rumson Fair Haven Regional High School,"Address
74 Ridge Road
Rumson, NJ 07760"
Irvington High School,"Address
40 N Broadway
Irvington, NY 10533"
Chatham High School,"Address
255 Lafayette Avenue
Chatham, NJ 07928"
Clarkstown North Senior High School,"Address
151 Congers Rd
New City, NY 10956"
Lynbrook Senior High School,"Address
9 Union Ave
Lynbrook, NY 11563"
Clarkstown South Senior High School,"Address
Clarkstown South Senior High School"
John F. Kennedy High School,"Address
3000 Bellmore Ave
Bellmore, NY 11710"
Leonia High School,"Address
Leonia High School"
Infinity Institute,"Address
193 Old Bergen Road
Jersey City, NJ 07305"
Nyack Senior High School,"Address
360 Christian Herald Rd
Nyack, NY 10960"
East Meadow High School,"Address
101 Carman Ave
East Meadow, NY 11554"
Glen Rock High School,"Address
400 Hamilton Avenue
Glen Rock, NJ 07452"
Millennium High School,"Address
75 Broad St
New York, NY 10004"
Croton-Harmon High School,"Address
Croton-Harmon High School"
Scotch Plains-Fanwood High School,"Address
667 Westfield Road
Scotch Plains, NJ 07076"
Scholars' Academy,"Address
Scholars' Academy"
Pascack Hills High School,"Address
225 West Grand Avenue
Montvale, NJ 07645"
Cranford High School,"Address
201 West End Place
Cranford, NJ 07016"
Red Bank Regional High School,"Address
101 Ridge Road
Little Silver, NJ 07739"
Randolph High School,"Address
511 Millbrook Avenue
Randolph, NJ 07869"
Huntington High School,"Address
188 Oakwood Rd
Huntington, NY 11743"
Manhattan Center for Science & Mathematics,"Address
260 Pleasant Ave
New York, NY 10029"
River Dell Regional High School,"Address
55 Pyle Street
Oradell, NJ 07649"
Commack High School,"Address
1 Scholar Ln
Commack, NY 11725"
South Side High School,"Address
140 Shepherd St
Rockville Centre, NY 11570"
Somers Senior High School,"Address
120 Primrose St
Lincolndale, NY 10540"
West Morris Central High School,"Address
West Morris Central High School"
Maspeth High School,"Address
54-40 74th St
Elmhurst, NY 11373"
Bethpage Senior High School,"Address
10 Cherry Ave
Bethpage, NY 11714"
W. Tresper Clarke High School,"Address
W. Tresper Clarke High School"
Midwood High School at Brooklyn College,"Address
2839 Bedford Ave
Brooklyn, NY 11210"
Morris Hills High School,"Address
520 West Main Street
Rockaway, NJ 07866"
Oceanside High School,"Address
3160 Skillman Ave
Oceanside, NY 11572"
Millennium Brooklyn High School,"Address
237 7th Ave
Brooklyn, NY 11215"
Francis Lewis High School,"Address
58-20 Utopia Pky
Fresh Meadows, NY 11365"
Governor Livingston High School,"Address
175 Watchung Boulevard
Berkeley Heights, NJ 07922"
Wayne Hills High School,"Address
272 Berdan Avenue
Wayne, NJ 07470"
Marlboro High School,"Address
95 North Main Street
Marlboro, NJ 07746"
Parsippany Hills High School,"Address
20 Rita Drive
Morris Plains, NJ 07950"
Hendrick Hudson High School,"Address
61 Trolley Road Montrose, NY 10548"
Wantagh Senior High School,"Address
3297 Beltagh Ave
Wantagh, NY 11793"
Pompton Lakes High School,"Address
44 Lakeside Avenue
Pompton Lakes, NJ 07442"
John H. Glenn High School,"Address
478 Elwood Rd
Elwood, NY 11731"
Bay Shore Senior High School,"Address
155 3rd Ave
Bay Shore, NY 11706"
Baruch College Campus High School,"Address
55 E 25th St
New York, NY 10010"
Fort Lee High School,"Address
3000 Lemoine Ave
Fort Lee, NJ 07024"
Kings Collegiate Charter School,"Address
1084 Lenox Rd, Brooklyn, NY 11212"
Locust Valley High School,"Address
Locust Valley High School"
County Prep High School,"Address
525 Montgomery Street
Jersey City, NJ 07306"
Northport Senior High School,"Address
154 Laurel Hill Rd
Northport, NY 11768"
Dobbs Ferry High School,"Address
505 Broadway
Dobbs Ferry, NY 10522"
Madison High School,"Address
170 Ridgedale Avenue
Madison, NJ 07940"
Pascack Valley High School,"Address
200 Piermont Ave
Hillsdale, NJ 07642"
Freehold Borough High School,"Address
2 Robertsville Road
Freehold, NJ 07728"
Professional Performing Arts High School,"Address 328 W 48th St New York, NY 10036"
